<?xml version="1.0" encoding="UTF-8"?>
<cpq_package version="2.0.1.0">
  <filename>cp037451.exe</filename>
  <divisions>
    <division key="9">
      <division_xlate lang="en">Storage</division_xlate>
      <division_xlate lang="cn">存储设备</division_xlate>
      <division_xlate lang="ja">ストレージ</division_xlate>
      <division_xlate lang="ko">스토리지</division_xlate>
      <division_xlate lang="tw">儲存裝置</division_xlate>
    </division>
    <division key="68">
      <division_xlate lang="en">ServerOptions</division_xlate>
      <division_xlate lang="cn">服务器选项</division_xlate>
      <division_xlate lang="ja">サーバ オプション</division_xlate>
      <division_xlate lang="ko">서버 옵션</division_xlate>
      <division_xlate lang="tw">ServerOptions</division_xlate>
    </division>
    <division key="6">
      <division_xlate lang="en">Server</division_xlate>
      <division_xlate lang="cn">服务器</division_xlate>
      <division_xlate lang="ja">サーバ</division_xlate>
      <division_xlate lang="ko">서버</division_xlate>
      <division_xlate lang="tw">伺服器</division_xlate>
    </division>
  </divisions>
  <operating_systems>
    <operating_system key="">
      <operating_system_xlate>Microsoft Windows Server 2012 R2</operating_system_xlate>
    </operating_system>
    <operating_system key="">
      <operating_system_xlate>Microsoft Windows Server 2016</operating_system_xlate>
    </operating_system>
    <operating_system key="">
      <operating_system_xlate>Microsoft Windows Server 2019</operating_system_xlate>
    </operating_system>
  </operating_systems>
  <products>
    <product rom="I41"/>
    <product rom="U34"/>
    <product rom="U34"/>
    <product rom="A40"/>
    <product rom="U30"/>
    <product rom="U32"/>
    <product rom="U31"/>
    <product rom="U31"/>
    <product rom="U36"/>
    <product rom="U41"/>
    <product rom="U33"/>
    <product rom="U40"/>
    <product rom="U37"/>
    <product rom="U38"/>
    <product rom="U38"/>
    <product rom="U40"/>
    <product rom="I43"/>
    <product rom="I42"/>
    <product rom="A41"/>
  </products>
  <category key="11300214">
    <category_xlate lang="en">Driver - Storage Controller</category_xlate>
    <category_xlate lang="cn">驱动程序 - 存储控制器</category_xlate>
    <category_xlate lang="ja">ドライバ - ストレージ コントローラ</category_xlate>
    <category_xlate lang="ko">드라이버 - 스토리지 컨트롤러</category_xlate>
    <category_xlate lang="tw">驅動程式 ─ 儲存裝置控制器</category_xlate>
  </category>
  <id product="7f5cc2735e814d67a516e6e72cb03eec" version="5e75fa313d5342d498bff6df6ee4c513"/>
  <name>
    <name_xlate lang="en">HPE Smart Array Gen10 Controller Driver for Windows Server 2012 R2, Windows Server 2016, and Windows Server 2019</name_xlate>
    <name_xlate lang="cn">HPE Smart Array Gen10 Controller Driver for Windows Server 2012 R2, Windows Server 2016, and Windows Server 2019</name_xlate>
    <name_xlate lang="ja">HPE Smart Array Gen10 Controller Driver for Windows Server 2012 R2, Windows Server 2016, and Windows Server 2019</name_xlate>
    <name_xlate lang="ko">HPE Smart Array Gen10 Controller Driver for Windows Server 2012 R2, Windows Server 2016, and Windows Server 2019</name_xlate>
    <name_xlate lang="tw">HPE Smart Array Gen10 Controller Driver for Windows Server 2012 R2, Windows Server 2016, and Windows Server 2019</name_xlate>
  </name>
  <alt_name>
    <alt_name_xlate lang="en">HPE Smart Array Gen10 Controller Driver for Windows Server 2012 R2, Windows Server 2016, and Windows Server 2019</alt_name_xlate>
    <alt_name_xlate lang="cn">HPE Smart Array Gen10 Controller Driver for Windows Server 2012 R2, Windows Server 2016, and Windows Server 2019</alt_name_xlate>
    <alt_name_xlate lang="ja">HPE Smart Array Gen10 Controller Driver for Windows Server 2012 R2, Windows Server 2016, and Windows Server 2019</alt_name_xlate>
    <alt_name_xlate lang="ko">HPE Smart Array Gen10 Controller Driver for Windows Server 2012 R2, Windows Server 2016, and Windows Server 2019</alt_name_xlate>
    <alt_name_xlate lang="tw">HPE Smart Array Gen10 Controller Driver for Windows Server 2012 R2, Windows Server 2016, and Windows Server 2019</alt_name_xlate>
  </alt_name>
  <version value="100.62.0.64" revision="A" type_of_change="1"/>
  <manufacturer_name>
    <manufacturer_name_xlate lang="en">Hewlett Packard Enterprise</manufacturer_name_xlate>
    <manufacturer_name_xlate lang="cn">惠普企业</manufacturer_name_xlate>
    <manufacturer_name_xlate lang="ja">Hewlett Packard Enterprise</manufacturer_name_xlate>
    <manufacturer_name_xlate lang="ko">Hewlett Packard Enterprise</manufacturer_name_xlate>
    <manufacturer_name_xlate lang="tw">Hewlett Packard Enterprise</manufacturer_name_xlate>
  </manufacturer_name>
  <languages langlist="en, ja">
    <languages_xlate lang="en">English (US), Japanese</languages_xlate>
    <languages_xlate lang="ja">英語（US）, 日本語</languages_xlate>
    <languages_xlate lang="ko">영어(미국), 일본어</languages_xlate>
    <languages_xlate lang="cn">英语（美国）, 日语</languages_xlate>
    <languages_xlate lang="tw">美式英文, 日文</languages_xlate>
  </languages>
  <release_date year="2018" month="10" day="11" hour="2" minute="9" second="32"/>
  <description>
    <description_xlate lang="en">
<![CDATA[This component provides support for the HPE Smart Array Gen10 E-series and P-series controllers]]>
</description_xlate>
    <description_xlate lang="cn">
<![CDATA[This component provides support for the HPE Smart Array Gen10 E-series and P-series controllers]]>
</description_xlate>
    <description_xlate lang="ja">
<![CDATA[このコンポーネントは、HPE SmartアレイGen10 EシリーズおよびPシリーズのコントローラーのサポートを提供します]]>
</description_xlate>
    <description_xlate lang="ko">
<![CDATA[This component provides support for the HPE Smart Array Gen10 E-series and P-series controllers]]>
</description_xlate>
    <description_xlate lang="tw">
<![CDATA[This component provides support for the HPE Smart Array Gen10 E-series and P-series controllers]]>
</description_xlate>
  </description>
  <prerequisite_notes/>
  <installation_notes>
    <installation_notes_xlate lang="en">
      <installation_notes_xlate_part>
<![CDATA[Download the Smart Component to a directory on your hard drive and change to that directory. The downloaded file is a self-extracting executable with a filename based on the Smart Component Number. <br><p>From that drive and directory, execute the downloaded file.]]>
</installation_notes_xlate_part>
    </installation_notes_xlate>
    <installation_notes_xlate lang="cn">
      <installation_notes_xlate_part>
<![CDATA[Download the Smart Component to a directory on your hard drive and change to that directory. The downloaded file is a self-extracting executable with a filename based on the Smart Component Number. <br><p>From that drive and directory, execute the downloaded file.]]>
</installation_notes_xlate_part>
    </installation_notes_xlate>
    <installation_notes_xlate lang="ja">
      <installation_notes_xlate_part>
<![CDATA[Download the Smart Component to a directory on your hard drive and change to that directory. The downloaded file is a self-extracting executable with a filename based on the Smart Component Number. <br><p>From that drive and directory, execute the downloaded file.]]>
</installation_notes_xlate_part>
    </installation_notes_xlate>
    <installation_notes_xlate lang="ko">
      <installation_notes_xlate_part>
<![CDATA[Download the Smart Component to a directory on your hard drive and change to that directory. The downloaded file is a self-extracting executable with a filename based on the Smart Component Number. <br><p>From that drive and directory, execute the downloaded file.]]>
</installation_notes_xlate_part>
    </installation_notes_xlate>
    <installation_notes_xlate lang="tw">
      <installation_notes_xlate_part>
<![CDATA[Download the Smart Component to a directory on your hard drive and change to that directory. The downloaded file is a self-extracting executable with a filename based on the Smart Component Number. <br><p>From that drive and directory, execute the downloaded file.]]>
</installation_notes_xlate_part>
    </installation_notes_xlate>
  </installation_notes>
  <availability_notes/>
  <documentation_notes/>
  <revision_history>
    <revision>
      <version value="100.62.0.64" revision="A" type_of_change="1"/>
      <revision_enhancements_xlate lang="en">
        <revision_enhancements_xlate_part>
<![CDATA[<p>Added support for Windows Server 2019.</p>
]]>
</revision_enhancements_xlate_part>
      </revision_enhancements_xlate>
      <revision_enhancements_xlate lang="cn">
        <revision_enhancements_xlate_part>
<![CDATA[<p>Added support for Windows Server 2019.</p>
]]>
</revision_enhancements_xlate_part>
      </revision_enhancements_xlate>
      <revision_enhancements_xlate lang="ja">
        <revision_enhancements_xlate_part>
<![CDATA[<p>Added support for Windows Server 2019.</p>
]]>
</revision_enhancements_xlate_part>
      </revision_enhancements_xlate>
      <revision_enhancements_xlate lang="ko">
        <revision_enhancements_xlate_part>
<![CDATA[<p>Added support for Windows Server 2019.</p>
]]>
</revision_enhancements_xlate_part>
      </revision_enhancements_xlate>
      <revision_enhancements_xlate lang="tw">
        <revision_enhancements_xlate_part>
<![CDATA[<p>Added support for Windows Server 2019.</p>
]]>
</revision_enhancements_xlate_part>
      </revision_enhancements_xlate>
    </revision>
    <revision>
      <version value="100.62.0.64" revision="" type_of_change="1"/>
      <revision_fixes_xlate lang="en">
        <revision_fixes_xlate_part>
<![CDATA[<ul>
	<li>Windows 2016 fails cluster validation test.</li>
	<li>Windows &ldquo;Removal Policy&rdquo; incorrectly set to TRUE.</li>
</ul>
]]>
</revision_fixes_xlate_part>
      </revision_fixes_xlate>
      <revision_fixes_xlate lang="cn">
        <revision_fixes_xlate_part>
<![CDATA[<ul>
	<li>Windows 2016 fails cluster validation test.</li>
	<li>Windows &ldquo;Removal Policy&rdquo; incorrectly set to TRUE.</li>
</ul>
]]>
</revision_fixes_xlate_part>
      </revision_fixes_xlate>
      <revision_fixes_xlate lang="ja">
        <revision_fixes_xlate_part>
<![CDATA[<ul>
	<li>Windows 2016 fails cluster validation test.</li>
	<li>Windows &ldquo;Removal Policy&rdquo; incorrectly set to TRUE.</li>
</ul>
]]>
</revision_fixes_xlate_part>
      </revision_fixes_xlate>
      <revision_fixes_xlate lang="ko">
        <revision_fixes_xlate_part>
<![CDATA[<ul>
	<li>Windows 2016 fails cluster validation test.</li>
	<li>Windows &ldquo;Removal Policy&rdquo; incorrectly set to TRUE.</li>
</ul>
]]>
</revision_fixes_xlate_part>
      </revision_fixes_xlate>
      <revision_fixes_xlate lang="tw">
        <revision_fixes_xlate_part>
<![CDATA[<ul>
	<li>Windows 2016 fails cluster validation test.</li>
	<li>Windows &ldquo;Removal Policy&rdquo; incorrectly set to TRUE.</li>
</ul>
]]>
</revision_fixes_xlate_part>
      </revision_fixes_xlate>
    </revision>
    <revision>
      <version value="100.60.0.64" revision="" type_of_change="1"/>
      <revision_fixes_xlate lang="en">
        <revision_fixes_xlate_part>
<![CDATA[<ul>
	<li>Windows 2016 fails cluster validation test.</li>
	<li>Windows &ldquo;Removal Policy&rdquo; incorrectly set to TRUE.</li>
</ul>
]]>
</revision_fixes_xlate_part>
      </revision_fixes_xlate>
      <revision_fixes_xlate lang="cn">
        <revision_fixes_xlate_part>
<![CDATA[<ul>
	<li>Windows 2016 fails cluster validation test.</li>
	<li>Windows &ldquo;Removal Policy&rdquo; incorrectly set to TRUE.</li>
</ul>
]]>
</revision_fixes_xlate_part>
      </revision_fixes_xlate>
      <revision_fixes_xlate lang="ja">
        <revision_fixes_xlate_part>
<![CDATA[<ul>
	<li>Windows 2016 fails cluster validation test.</li>
	<li>Windows &ldquo;Removal Policy&rdquo; incorrectly set to TRUE.</li>
</ul>
]]>
</revision_fixes_xlate_part>
      </revision_fixes_xlate>
      <revision_fixes_xlate lang="ko">
        <revision_fixes_xlate_part>
<![CDATA[<ul>
	<li>Windows 2016 fails cluster validation test.</li>
	<li>Windows &ldquo;Removal Policy&rdquo; incorrectly set to TRUE.</li>
</ul>
]]>
</revision_fixes_xlate_part>
      </revision_fixes_xlate>
      <revision_fixes_xlate lang="tw">
        <revision_fixes_xlate_part>
<![CDATA[<ul>
	<li>Windows 2016 fails cluster validation test.</li>
	<li>Windows &ldquo;Removal Policy&rdquo; incorrectly set to TRUE.</li>
</ul>
]]>
</revision_fixes_xlate_part>
      </revision_fixes_xlate>
    </revision>
    <revision>
      <version value="100.52.1.64" revision="" type_of_change="1"/>
      <revision_enhancements_xlate lang="en">
        <revision_enhancements_xlate_part>
<![CDATA[<ul>
	<li style="list-style-type:none">
	<ul style="list-style-type:square">
		<li>Enhanced controller cache management when doing an OS shutdown, hibernate, or sleep.</li>
		<li>Enabled PCI Passthrough on Hyper-V.</li>
	</ul>
	</li>
</ul>
]]>
</revision_enhancements_xlate_part>
      </revision_enhancements_xlate>
      <revision_enhancements_xlate lang="cn">
        <revision_enhancements_xlate_part>
<![CDATA[<ul>
	<li style="list-style-type:none">
	<ul style="list-style-type:square">
		<li>Enhanced controller cache management when doing an OS shutdown, hibernate, or sleep.</li>
		<li>Enabled PCI Passthrough on Hyper-V.</li>
	</ul>
	</li>
</ul>
]]>
</revision_enhancements_xlate_part>
      </revision_enhancements_xlate>
      <revision_enhancements_xlate lang="ja">
        <revision_enhancements_xlate_part>
<![CDATA[<ul>
	<li style="list-style-type:none">
	<ul style="list-style-type:square">
		<li>Enhanced controller cache management when doing an OS shutdown, hibernate, or sleep.</li>
		<li>Enabled PCI Passthrough on Hyper-V.</li>
	</ul>
	</li>
</ul>
]]>
</revision_enhancements_xlate_part>
      </revision_enhancements_xlate>
      <revision_enhancements_xlate lang="ko">
        <revision_enhancements_xlate_part>
<![CDATA[<ul>
	<li style="list-style-type:none">
	<ul style="list-style-type:square">
		<li>Enhanced controller cache management when doing an OS shutdown, hibernate, or sleep.</li>
		<li>Enabled PCI Passthrough on Hyper-V.</li>
	</ul>
	</li>
</ul>
]]>
</revision_enhancements_xlate_part>
      </revision_enhancements_xlate>
      <revision_enhancements_xlate lang="tw">
        <revision_enhancements_xlate_part>
<![CDATA[<ul>
	<li style="list-style-type:none">
	<ul style="list-style-type:square">
		<li>Enhanced controller cache management when doing an OS shutdown, hibernate, or sleep.</li>
		<li>Enabled PCI Passthrough on Hyper-V.</li>
	</ul>
	</li>
</ul>
]]>
</revision_enhancements_xlate_part>
      </revision_enhancements_xlate>
    </revision>
    <revision>
      <version value="63.32.0.64" revision="B" type_of_change="1"/>
      <revision_enhancements_xlate lang="en">
        <revision_enhancements_xlate_part>
<![CDATA[<ul>
	<li>Added support for Windows 10 operating system.</li>
</ul>
]]>
</revision_enhancements_xlate_part>
      </revision_enhancements_xlate>
      <revision_enhancements_xlate lang="cn">
        <revision_enhancements_xlate_part>
<![CDATA[<ul>
	<li>Added support for Windows 10 operating system.</li>
</ul>
]]>
</revision_enhancements_xlate_part>
      </revision_enhancements_xlate>
      <revision_enhancements_xlate lang="ja">
        <revision_enhancements_xlate_part>
<![CDATA[<ul>
	<li>Added support for Windows 10 operating system.</li>
</ul>
]]>
</revision_enhancements_xlate_part>
      </revision_enhancements_xlate>
      <revision_enhancements_xlate lang="ko">
        <revision_enhancements_xlate_part>
<![CDATA[<ul>
	<li>Added support for Windows 10 operating system.</li>
</ul>
]]>
</revision_enhancements_xlate_part>
      </revision_enhancements_xlate>
      <revision_enhancements_xlate lang="tw">
        <revision_enhancements_xlate_part>
<![CDATA[<ul>
	<li>Added support for Windows 10 operating system.</li>
</ul>
]]>
</revision_enhancements_xlate_part>
      </revision_enhancements_xlate>
      <revision_fixes_xlate lang="en">
        <revision_fixes_xlate_part>
<![CDATA[<p>Initial driver release for HPE P/E-Class SR Gen10 controllers.</p>
]]>
</revision_fixes_xlate_part>
      </revision_fixes_xlate>
      <revision_fixes_xlate lang="cn">
        <revision_fixes_xlate_part>
<![CDATA[<p>Initial driver release for HPE P/E-Class SR Gen10 controllers.</p>
]]>
</revision_fixes_xlate_part>
      </revision_fixes_xlate>
      <revision_fixes_xlate lang="ja">
        <revision_fixes_xlate_part>
<![CDATA[<p>Initial driver release for HPE P/E-Class SR Gen10 controllers.</p>
]]>
</revision_fixes_xlate_part>
      </revision_fixes_xlate>
      <revision_fixes_xlate lang="ko">
        <revision_fixes_xlate_part>
<![CDATA[<p>Initial driver release for HPE P/E-Class SR Gen10 controllers.</p>
]]>
</revision_fixes_xlate_part>
      </revision_fixes_xlate>
      <revision_fixes_xlate lang="tw">
        <revision_fixes_xlate_part>
<![CDATA[<p>Initial driver release for HPE P/E-Class SR Gen10 controllers.</p>
]]>
</revision_fixes_xlate_part>
      </revision_fixes_xlate>
    </revision>
    <revision>
      <version value="63.32.0.64" revision="A" type_of_change="1"/>
      <revision_enhancements_xlate lang="en">
        <revision_enhancements_xlate_part>
<![CDATA[<p>Added support for the following Gen10 servers:</p>

<ul>
	<li>HPE ProLiant XL190r Gen10 Server</li>
	<li>HPE ProLiant XL170r Gen10 Server</li>
	<li>HPE ProLiant DL180 Gen10 Server</li>
	<li>HPE ProLiant DL160 Gen10 Server</li>
	<li>HPE ProLiant DL580 Gen10 Server</li>
	<li>HPE ProLiant ML110 Gen10 Server</li>
	<li>HPE ProLiant ML350 Gen10 Server</li>
	<li>HPE ProLiant XL450 Gen10 Server</li>
	<li>HPE ProLiant DL120 Gen10 Server</li>
</ul>
]]>
</revision_enhancements_xlate_part>
      </revision_enhancements_xlate>
      <revision_enhancements_xlate lang="cn">
        <revision_enhancements_xlate_part>
<![CDATA[<p>Added support for the following Gen10 servers:</p>

<ul>
	<li>HPE ProLiant XL190r Gen10 Server</li>
	<li>HPE ProLiant XL170r Gen10 Server</li>
	<li>HPE ProLiant DL180 Gen10 Server</li>
	<li>HPE ProLiant DL160 Gen10 Server</li>
	<li>HPE ProLiant DL580 Gen10 Server</li>
	<li>HPE ProLiant ML110 Gen10 Server</li>
	<li>HPE ProLiant ML350 Gen10 Server</li>
	<li>HPE ProLiant XL450 Gen10 Server</li>
	<li>HPE ProLiant DL120 Gen10 Server</li>
</ul>
]]>
</revision_enhancements_xlate_part>
      </revision_enhancements_xlate>
      <revision_enhancements_xlate lang="ja">
        <revision_enhancements_xlate_part>
<![CDATA[<p>次のGen10サーバーのサポートを追加しました。</p>

<ul>
	<li>HPE ProLiant XL190r Gen10サーバー</li>
	<li>HPE ProLiant XL170r Gen10サーバー</li>
	<li>HPE ProLiant DL180 Gen10サーバー</li>
	<li>HPE ProLiant DL160 Gen10サーバー</li>
	<li>HPE ProLiant DL580 Gen10サーバー</li>
	<li>HPE ProLiant ML110 Gen10サーバー</li>
	<li>HPE ProLiant ML350 Gen10サーバー</li>
	<li>HPE ProLiant XL450 Gen10サーバー</li>
	<li>HPE ProLiant DL120 Gen10サーバー</li>
</ul>
]]>
</revision_enhancements_xlate_part>
      </revision_enhancements_xlate>
      <revision_enhancements_xlate lang="ko">
        <revision_enhancements_xlate_part>
<![CDATA[<p>Added support for the following Gen10 servers:</p>

<ul>
	<li>HPE ProLiant XL190r Gen10 Server</li>
	<li>HPE ProLiant XL170r Gen10 Server</li>
	<li>HPE ProLiant DL180 Gen10 Server</li>
	<li>HPE ProLiant DL160 Gen10 Server</li>
	<li>HPE ProLiant DL580 Gen10 Server</li>
	<li>HPE ProLiant ML110 Gen10 Server</li>
	<li>HPE ProLiant ML350 Gen10 Server</li>
	<li>HPE ProLiant XL450 Gen10 Server</li>
	<li>HPE ProLiant DL120 Gen10 Server</li>
</ul>
]]>
</revision_enhancements_xlate_part>
      </revision_enhancements_xlate>
      <revision_enhancements_xlate lang="tw">
        <revision_enhancements_xlate_part>
<![CDATA[<p>Added support for the following Gen10 servers:</p>

<ul>
	<li>HPE ProLiant XL190r Gen10 Server</li>
	<li>HPE ProLiant XL170r Gen10 Server</li>
	<li>HPE ProLiant DL180 Gen10 Server</li>
	<li>HPE ProLiant DL160 Gen10 Server</li>
	<li>HPE ProLiant DL580 Gen10 Server</li>
	<li>HPE ProLiant ML110 Gen10 Server</li>
	<li>HPE ProLiant ML350 Gen10 Server</li>
	<li>HPE ProLiant XL450 Gen10 Server</li>
	<li>HPE ProLiant DL120 Gen10 Server</li>
</ul>
]]>
</revision_enhancements_xlate_part>
      </revision_enhancements_xlate>
    </revision>
    <revision>
      <version value="63.32.0.64" revision="" type_of_change="1"/>
      <revision_fixes_xlate lang="en">
        <revision_fixes_xlate_part>
<![CDATA[<ul>
	<li>Initial driver release for HPE P/E-Class SR Gen10 controllers.</li>
</ul>
]]>
</revision_fixes_xlate_part>
      </revision_fixes_xlate>
      <revision_fixes_xlate lang="cn">
        <revision_fixes_xlate_part>
<![CDATA[<ul>
	<li>Initial driver release for HPE P/E-Class SR Gen10 controllers.</li>
</ul>
]]>
</revision_fixes_xlate_part>
      </revision_fixes_xlate>
      <revision_fixes_xlate lang="ja">
        <revision_fixes_xlate_part>
<![CDATA[<ul>
	<li>HPE P/E-Class SR Gen10コントローラー用の初期ドライバーリリースです。</li>
</ul>
]]>
</revision_fixes_xlate_part>
      </revision_fixes_xlate>
      <revision_fixes_xlate lang="ko">
        <revision_fixes_xlate_part>
<![CDATA[<ul>
	<li>Initial driver release for HPE P/E-Class SR Gen10 controllers.</li>
</ul>
]]>
</revision_fixes_xlate_part>
      </revision_fixes_xlate>
      <revision_fixes_xlate lang="tw">
        <revision_fixes_xlate_part>
<![CDATA[<ul>
	<li>Initial driver release for HPE P/E-Class SR Gen10 controllers.</li>
</ul>
]]>
</revision_fixes_xlate_part>
      </revision_fixes_xlate>
    </revision>
  </revision_history>
  <sw_keys>
    <sw_keys_and>
      <sw_key name="SmartPqi.sys" guid="20a6e8e4-bf33-4c71-a6bf-d9ec040331c1">
        <sw_key_expectedpath>%systemroot%\system32\drivers</sw_key_expectedpath>
      </sw_key>
    </sw_keys_and>
  </sw_keys>
  <prerequisites>
    <supported_operating_systems>
      <supported_operating_system platform="nt_x86-64" major="10" minor="0" sr="OEM" minimumbuild="14393" maximumbuild="17599" name="Microsoft Windows Server 2016"/>
      <supported_operating_system platform="nt_x86-64" major="6" minor="3" sr="OEM" name="Microsoft Windows Server 2012 R2"/>
      <supported_operating_system platform="nt_x86-64" major="10" minor="0" sr="OEM" minimumbuild="14393" maximumbuild="17599" name="Microsoft Windows 10 (64bit, version 1803 &amp; older)"/>
      <supported_operating_system platform="nt_x86-64" major="10" minor="0" sr="OEM" minimumbuild="17600" name="Microsoft Windows Server 2019"/>
      <supported_operating_system platform="nt_x86-64" major="10" minor="0" sr="OEM" minimumbuild="17600" name="Microsoft Windows 10 (64bit, version 1809 &amp; later)"/>
    </supported_operating_systems>
    <supported_devices>
      <supported_devices_and>
        <supported_device type="pci">
          <supported_device_data name="ven">9005</supported_device_data>
          <supported_device_data name="dev">028F</supported_device_data>
          <supported_device_data name="subven">103C</supported_device_data>
          <supported_device_data name="subdev">0701</supported_device_data>
        </supported_device>
      </supported_devices_and>
      <supported_devices_and>
        <supported_device type="pci">
          <supported_device_data name="ven">9005</supported_device_data>
          <supported_device_data name="dev">028F</supported_device_data>
          <supported_device_data name="subven">103C</supported_device_data>
          <supported_device_data name="subdev">0700</supported_device_data>
        </supported_device>
      </supported_devices_and>
      <supported_devices_and>
        <supported_device type="pci">
          <supported_device_data name="ven">9005</supported_device_data>
          <supported_device_data name="dev">028F</supported_device_data>
          <supported_device_data name="subven">103C</supported_device_data>
          <supported_device_data name="subdev">0655</supported_device_data>
        </supported_device>
      </supported_devices_and>
      <supported_devices_and>
        <supported_device type="pci">
          <supported_device_data name="ven">9005</supported_device_data>
          <supported_device_data name="dev">028F</supported_device_data>
          <supported_device_data name="subven">103C</supported_device_data>
          <supported_device_data name="subdev">0601</supported_device_data>
        </supported_device>
      </supported_devices_and>
      <supported_devices_and>
        <supported_device type="pci">
          <supported_device_data name="ven">9005</supported_device_data>
          <supported_device_data name="dev">028F</supported_device_data>
          <supported_device_data name="subven">103C</supported_device_data>
          <supported_device_data name="subdev">0602</supported_device_data>
        </supported_device>
      </supported_devices_and>
      <supported_devices_and>
        <supported_device type="pci">
          <supported_device_data name="ven">9005</supported_device_data>
          <supported_device_data name="dev">028F</supported_device_data>
          <supported_device_data name="subven">103C</supported_device_data>
          <supported_device_data name="subdev">0603</supported_device_data>
        </supported_device>
      </supported_devices_and>
      <supported_devices_and>
        <supported_device type="pci">
          <supported_device_data name="ven">9005</supported_device_data>
          <supported_device_data name="dev">028F</supported_device_data>
          <supported_device_data name="subven">103C</supported_device_data>
          <supported_device_data name="subdev">0600</supported_device_data>
        </supported_device>
      </supported_devices_and>
      <supported_devices_and>
        <supported_device type="pci">
          <supported_device_data name="ven">9005</supported_device_data>
          <supported_device_data name="dev">028F</supported_device_data>
          <supported_device_data name="subven">103C</supported_device_data>
          <supported_device_data name="subdev">1101</supported_device_data>
        </supported_device>
      </supported_devices_and>
      <supported_devices_and>
        <supported_device type="pci">
          <supported_device_data name="ven">9005</supported_device_data>
          <supported_device_data name="dev">028F</supported_device_data>
          <supported_device_data name="subven">103C</supported_device_data>
          <supported_device_data name="subdev">1100</supported_device_data>
        </supported_device>
      </supported_devices_and>
      <supported_devices_and>
        <supported_device type="pci">
          <supported_device_data name="ven">9005</supported_device_data>
          <supported_device_data name="dev">028F</supported_device_data>
          <supported_device_data name="subven">103C</supported_device_data>
          <supported_device_data name="subdev">0651</supported_device_data>
        </supported_device>
      </supported_devices_and>
      <supported_devices_and>
        <supported_device type="pci">
          <supported_device_data name="ven">9005</supported_device_data>
          <supported_device_data name="dev">028F</supported_device_data>
          <supported_device_data name="subven">103C</supported_device_data>
          <supported_device_data name="subdev">0654</supported_device_data>
        </supported_device>
      </supported_devices_and>
      <supported_devices_and>
        <supported_device type="pci">
          <supported_device_data name="ven">9005</supported_device_data>
          <supported_device_data name="dev">028F</supported_device_data>
          <supported_device_data name="subven">103C</supported_device_data>
          <supported_device_data name="subdev">0652</supported_device_data>
        </supported_device>
      </supported_devices_and>
      <supported_devices_and>
        <supported_device type="pci">
          <supported_device_data name="ven">9005</supported_device_data>
          <supported_device_data name="dev">028F</supported_device_data>
          <supported_device_data name="subven">103C</supported_device_data>
          <supported_device_data name="subdev">0650</supported_device_data>
        </supported_device>
      </supported_devices_and>
      <supported_devices_and>
        <supported_device type="pci">
          <supported_device_data name="ven">9005</supported_device_data>
          <supported_device_data name="dev">028F</supported_device_data>
          <supported_device_data name="subven">103C</supported_device_data>
          <supported_device_data name="subdev">0609</supported_device_data>
        </supported_device>
      </supported_devices_and>
    </supported_devices>
    <required_diskspace size_kb="2000"/>
  </prerequisites>
  <installation>
    <install>
      <install_caps silent="yes" needuseracct="no"/>
      <command>cpqsetup.exe</command>
      <command_params></command_params>
      <reboot_required value="yes"/>
      <reboot_details value="Required">
        <reboot_details_xlate lang="en">Reboot is required after installation for updates to take effect and hardware stability to be maintained.</reboot_details_xlate>
        <reboot_details_xlate lang="cn">安装之后必须重启才能使更新生效并保持硬件稳定性。</reboot_details_xlate>
        <reboot_details_xlate lang="ja">アップデートの効果とハードウェアの安定を得るために、インストール後の再起動は必要です。</reboot_details_xlate>
        <reboot_details_xlate lang="ko">업데이트가 적용되고 하드웨어 안정성이 유지되려면 설치 후 재부팅해야 합니다.</reboot_details_xlate>
        <reboot_details_xlate lang="tw">安裝後必須重新啟動，更新才會生效，並維持硬體穩定。</reboot_details_xlate>
      </reboot_details>
      <per_device_install_time_seconds>0</per_device_install_time_seconds>
    </install>
    <uninstall>
      <uninstall_caps silent="no"/>
      <command></command>
      <command_params></command_params>
      <reboot_required value="no"/>
    </uninstall>
  </installation>
</cpq_package>
